<?xml version='1.0' encoding='UTF-8'?>
 <!DOCTYPE hibernate-configuration PUBLIC
 "-//Hibernate/Hibernate Configuration DTD 3.0//EN"
"http://www.hibernate.org/dtd/hibernate-configuration-3.0.dtd">

<hibernate-configuration>
    <session-factory>
        <!-- Database connection settings -->
        <property name="connection.driver_class">com.mysql.cj.jdbc.Driver</property>
        <property name="connection.url">jdbc:mysql://localhost:3308/ciclisme?createDatabaseIfNotExist=true</property>
        <property name="connection.username">root</property>
        <property name="connection.password">root</property>

        <!-- JDBC connection pool (use the built-in) -->
        <property name="connection.pool_size">1</property>

        <!-- SQL dialect -->
        <property name="dialect">org.hibernate.dialect.MySQL5Dialect</property>

        <!-- Enable Hibernate's automatic session context management
        -->
        <property name="current_session_context_class">thread</property>

        <!-- Disable the second-level cache -->
        <property name="cache.provider_class">org.hibernate.cache.NoCacheProvider</property>

        <!-- Echo all executed SQL to stdout -->
        <property name="show_sql">true</property>

        <!-- Drop and re-create the database schema on startup -->
        <property name="hbm2ddl.auto">update</property>
        
        <!-- opcions de hbm2dll:
                        create : borra i crea Sempre les taules
        update : Mante les ades i actualiza estructura
        create-drop : Crea TOT i en acabar esborra tot
        validate:comprova que tot fa MATCH-->
        
        <!--Mapeig fora de la clase
        <mapping esource="Pelicula.hbm.xml"/>
        -->
        <!-- Mapeig dinds de la clase-->    
        
        <mapping class="Model.Ciclista"/>
        <mapping class="Model.Etapa"/>
        <mapping class="Model.Mallot"/>
        <!-- <mapping class="Model.Portar"/> -->




        
    </session-factory>

</hibernate-configuration>